"state","step","criteria","STL.STACK","knn","pls","ridge","svmLinear2","STACK","knn.1","pls.1","ridge.1","svmLinear2.1"
"acre","1-step","MAE",415.68657664458,271.754106534043,609.704899670185,610.478262728256,640.261419487457,316.352878977855,305,527.843404819314,534.439833371201,624.544321421061
"acre","1-step","MAPE",0.601332072860578,Inf,Inf,Inf,Inf,15.1731946558753,0.766381040628207,NA,Inf,Inf
"acre","1-step","RMSE",962.773351764925,454.562954351504,917.241717907427,916.714839425556,1109.91997634087,627.714034782925,647.021483414577,948.442985977041,950.037294671523,1226.16531938798
"acre","2-step","MAE",400.785163362821,265.637111274778,704.004872090252,702.922200110953,693.36410536366,320.198659112056,283.1,608.086223123445,612.65301261605,681.705014884906
"acre","2-step","MAPE",0.771848578318393,Inf,Inf,Inf,Inf,0.892703983544052,0.764816075518499,NA,Inf,3.96505837735187
"acre","2-step","RMSE",792.929950648454,452.402554528412,945.611397268623,944.595359933871,1141.43960141482,602.095203235186,588.932989962922,983.006727208112,986.80959142063,1286.82516653617
"acre","3-step","MAE",537.138341585795,308.20031191896,732.158941724927,734.067015947321,659.614828412479,1240.36817755302,192.483333333333,607.563099314474,611.054736804459,672.15149322205
"acre","3-step","MAPE",1.15693868130865,Inf,0.959337080343289,Inf,Inf,1.04542702444093,0.658100657276266,NA,Inf,Inf
"acre","3-step","RMSE",1080.95957217799,581.411749000269,969.880001385755,967.35699946769,1138.57551608921,2463.62345737295,355.006399003361,984.333977245279,987.673118607494,1286.1580382267
"acre","4-step","MAE",346.504541079203,246.319135320314,766.624897136644,768.498157072239,733.486614725564,330.860677202543,293.466666666667,769.567347918564,774.475443671188,749.618531533628
"acre","4-step","MAPE",0.784248184119676,Inf,Inf,Inf,Inf,0.675541045528723,0.637814261373986,NA,Inf,Inf
"acre","4-step","RMSE",665.879290672714,416.080641778614,1063.34053915333,1068.71632323655,1273.32450265603,641.045363520311,581.140596872507,1229.07857863631,1232.8345293519,1425.75823050427
"acre","5-step","MAE",333.698381582896,239.508916121768,872.539614540412,879.18086777334,748.686388075455,399.043126985431,307.916666666667,840.596530070911,840.296785570706,742.770366567233
"acre","5-step","MAPE",1.46618828944877,Inf,Inf,Inf,Inf,1.27206265273996,0.581206033013325,NA,Inf,4.63345571540728
"acre","5-step","RMSE",647.014847792739,419.749724553541,1138.44639857446,1144.36907496725,1288.53888029667,889.421119561729,650.223071978635,1256.65348132632,1258.2906612837,1416.44722366742
"acre","6-step","MAE",302.036256516973,298.02223575493,772.621641052731,770.871117309802,662.066197965842,556.036575396856,241.9,647.433684203249,649.456173790329,689.380421838346
"acre","6-step","MAPE",1.59074035364043,NA,1.17139758667502,1.18252891164243,Inf,1.44775686862783,0.808586220201346,1.21475098066998,Inf,4.14901140350691
"acre","6-step","RMSE",552.492268663966,597.475740307536,1071.19688616779,1069.85038566278,1187.05206996152,973.002127370882,430.499980642663,1030.43467276986,1034.13297327933,1288.37211097726
"acre","7-step","MAE",250.951894938946,269.110375437965,814.634429358123,816.768286694218,732.994232457292,489.796819270899,452.4,735.6673132377,743.506472679354,701.081217832878
"acre","7-step","MAPE",1.14044603881601,NA,Inf,Inf,2.74065790170845,9.27636585324862,1.03000038805197,NA,Inf,4.64703054565707
"acre","7-step","RMSE",508.612479791143,585.271091776167,1280.46256478242,1279.59858711578,1346.52715258281,1049.02871264828,907.71014463135,1267.27692024618,1271.27842350234,1388.55457023571
"acre","8-step","MAE",333.041134675344,296.177905722828,904.787967032644,902.788149519897,791.310533623053,514.346138050159,499.033333333333,823.340314369788,827.344417297276,750.360260205744
"acre","8-step","MAPE",1.06203679564814,Inf,Inf,Inf,Inf,1.72066422822707,2.7031990248582,NA,Inf,Inf
"acre","8-step","RMSE",625.620491353993,603.188965012414,1321.52485741857,1319.00658277942,1385.30637828542,968.007568584969,972.142314684429,1311.70007973909,1315.07881728604,1428.82461157197
"acre","9-step","MAE",408.40807064871,307.523143952439,937.105830293541,938.333574282607,769.784807997892,419.894766072432,504.133333333333,829.600757181123,831.096307167024,738.477279299138
"acre","9-step","MAPE",3.25590615626096,Inf,1.67971472462703,Inf,Inf,6.29997980062843,5.22582172424471,NA,Inf,Inf
"acre","9-step","RMSE",738.312778527673,604.78705546849,1327.35429500085,1325.39784428478,1381.93705026596,901.238830513599,972.637424737502,1313.44038962051,1316.07976063902,1428.09061029674
"acre","10-step","MAE",309.912184556325,302.182596214917,979.653921609994,981.246864543104,780.559599111395,451.653486847878,503.883333333333,867.187702632407,868.864948815197,748.410251102105
"acre","10-step","MAPE",1.07964117912537,Inf,Inf,Inf,Inf,0.888306278085976,5.13488257080555,NA,Inf,5.26931837401747
"acre","10-step","RMSE",629.064379622733,604.201070971248,1339.17791033667,1337.21294642369,1383.13834809416,905.010152743069,972.636062461186,1320.19161923817,1322.97604429894,1428.60306858673
"acre","11-step","MAE",304.250861977537,299.913456612625,1035.48286060306,1041.11456802633,797.553622656704,440.441513712207,503.883333333333,907.109011228256,909.361376417461,759.946276733052
"acre","11-step","MAPE",3.92883857385489,Inf,1.69844714819244,1.69443894396382,3.15548025073253,7.49759634803055,5.14506932802117,NA,1.93661134438943,5.32894649643914
"acre","11-step","RMSE",590.066371854703,604.627262180108,1352.77045344846,1351.30744946773,1384.44646927412,844.22556854324,972.636062461186,1327.56531106862,1330.46098983683,1429.16846059094
"acre","12-step","MAE",317.642186601957,285.829158549853,1085.09315798279,1079.58971853161,801.825299495828,567.425682266553,503.633333333333,948.745164012492,949.942510695993,768.891287802246
"acre","12-step","MAPE",1.30716571004126,NA,1.69844714819244,1.69443894396382,3.15548025073253,4.04646667161593,5.14506932802117,1.9198971527859,1.93661134438943,5.32894649643914
"acre","12-step","RMSE",631.971723045313,602.655553984496,1366.48461687147,1363.60928297632,1384.98934511594,1103.75161078843,972.635419877356,1335.37728218537,1338.29058337463,1429.73510312823
"amapa","1-step","MAE",67.2022132625182,64.3080841476834,87.6921675893776,89.5609154690147,69.5067545793764,113.182104043973,91.5699300699301,131.296395958608,130.939504231299,84.436276411848
"amapa","1-step","MAPE",11.1333814277891,NA,NA,NA,NA,4.37638496000912,0.577181080604675,Inf,Inf,Inf
"amapa","1-step","RMSE",149.114110039529,166.724387798535,160.428373916118,168.345684316459,158.621339322381,284.588010370877,230.398566058942,178.099581149974,179.980117794637,154.279297275934
"amapa","2-step","MAE",82.3230501623863,77.9616182186798,97.6054790745652,101.832672710173,71.1350776353486,137.497671996554,113.181818181818,170.58991243707,171.708794567273,99.1828510085923
"amapa","2-step","MAPE",47.919954296827,NA,NA,NA,NA,0.923854266381653,0.621075031867946,0.953341320949427,0.952986758002949,1.49496302421523
"amapa","2-step","RMSE",177.085756749413,181.579305096564,164.18844745663,176.221666325023,162.54139543286,318.967551757869,255.925832382041,204.033326424316,204.979603164944,164.482178732219
"amapa","3-step","MAE",70.1492039511601,78.7814538517282,85.1841496895132,78.6013667478674,62.3333333333333,83.8144489129384,79.4941724941725,132.073790282389,134.50854811439,70.1078451813674
"amapa","3-step","MAPE",9.51463091239799,NA,NA,NA,NA,1.03603338602556,0.599228613147742,Inf,Inf,Inf
"amapa","3-step","RMSE",160.73452678916,175.33299165174,141.352526989623,142.878419096999,156.06515733287,149.143259056237,202.529521875201,156.527428945808,157.753537621029,139.773458093932
"amapa","4-step","MAE",77.3954802347968,71.2482136084982,93.5083896778626,95.4602862342976,71.9062406757461,108.658506641436,112.909090909091,173.43900970176,174.396210612072,96.8399851574727
"amapa","4-step","MAPE",2.75071030761955,NA,NA,NA,NA,13.2165264030549,0.625645248897752,0.980032867056173,0.979423684193863,1.40956670097623
"amapa","4-step","RMSE",166.525165723346,173.301320675384,162.189156981357,172.009684025129,162.619193296208,285.260641307684,255.618722181057,202.998836644943,204.791660163517,163.198809591874
"amapa","5-step","MAE",63.4769797474146,80.9497085440732,67.7168589435945,72.0931058789992,66.3004036346599,99.2615650501102,106.037878787879,145.420949699114,149.098406614468,70.1858661878069
"amapa","5-step","MAPE",3.29940441523496,NA,NA,NA,NA,2.69444336299198,0.568283508624616,0.928063989608908,0.930266869952901,1.33185062253796
"amapa","5-step","RMSE",111.350429848998,167.020925253842,127.562458033442,138.075856446631,156.456787294628,202.008811928957,239.373092206971,160.803489451578,164.163133530098,139.453477573681
"amapa","6-step","MAE",74.8443211267392,93.21550109808,106.663282107259,109.059793745605,66.7022396781051,52.6087651501099,104.734848484848,152.133632035359,152.430632715711,73.6937126025767
"amapa","6-step","MAPE",3.27963811045567,NA,NA,NA,NA,1.05985910456098,0.645744278578087,0.933715546990189,0.932814834344447,1.42343454030879
"amapa","6-step","RMSE",153.987954228989,185.307167133899,157.190190487119,162.446187745812,156.504066114643,130.225828770619,223.623627686128,169.845417893152,170.478060805516,141.105968519406
"amapa","7-step","MAE",55.1078270425399,69.4947110844263,102.153563351613,99.3948381113447,61.935522915032,110.541608533512,178.5,160.298809679603,160.157569465152,69.2744789343739
"amapa","7-step","MAPE",0.906297725157619,NA,NA,NA,NA,1.03833735679349,0.757267820461621,0.989600398050807,0.987846282541463,1.13639569906956
"amapa","7-step","RMSE",119.422481820038,174.538454404812,155.907093009732,156.484424797779,150.974191695027,181.050135768137,308.565931178893,178.182048649451,178.503880868922,133.344534801541
"amapa","8-step","MAE",81.246710203588,61.4080936625417,115.104017620237,119.360156685766,67.3657650771996,143.67693862319,161.666666666667,180.555805092514,181.234619622633,99.8236542848262
"amapa","8-step","MAPE",2.55185868763577,NA,NA,NA,NA,0.719759698435913,0.697248984168417,1.03807715484301,1.05368721149061,1.46392114063292
"amapa","8-step","RMSE",221.760638701061,166.74495570024,169.624604876906,176.868083907827,148.628816034169,285.164478832737,285.887155298622,213.039282965327,215.286459676843,164.807432280713
"amapa","9-step","MAE",56.6423262792329,70.5674356519459,97.4471020984862,96.3484314562382,55.1777894573505,85.5580122172832,93.9469696969697,137.961930320163,141.010636908826,71.4886834609346
"amapa","9-step","MAPE",1.31538963850452,NA,NA,NA,NA,0.809003434653651,0.675391108694438,Inf,Inf,Inf
"amapa","9-step","RMSE",135.049538180172,188.248436070761,142.571284767605,143.270046523364,140.063006481807,143.865112407641,158.239054865885,166.384771213465,169.634413186139,140.390776728263
"amapa","10-step","MAE",79.1535884253681,95.6319944207593,94.2104148127672,90.4227241237153,52.7215507219828,88.9806033310791,86.5227272727273,145.628079455844,148.717102445215,72.4157110369077
"amapa","10-step","MAPE",6.82865762470379,NA,NA,NA,NA,1.78915316639614,0.687988967273041,0.992888685396841,1.00654422260847,1.3934436758838
"amapa","10-step","RMSE",172.367769918585,211.851753414554,142.171453211438,141.718120816055,139.654462676766,160.979930432319,155.371480111235,170.38823711162,174.102742570101,140.961108172627
"amapa","11-step","MAE",72.460173971951,124.028342644344,99.3568620156491,97.6853517316978,56.662821656337,89.1777865886688,86.5757575757576,139.2926220738,136.039283246248,68.8347190228544
"amapa","11-step","MAPE",NA,NA,NA,NA,NA,0.718478661555427,0.687988967273041,0.992578308990838,1.00548672135543,1.39052936407029
"amapa","11-step","RMSE",133.816335168914,233.575248119406,143.284867079524,143.341502987048,140.320249231792,175.192548461679,155.37202310821,163.906123711179,164.861888654328,139.954986581644
"amapa","12-step","MAE",68.5415287067493,127.44277115489,103.882341537384,103.968275527581,60.5251021275325,101.341188439187,86.5606060606061,141.009840328072,143.491343618165,71.8443961201855
"amapa","12-step","MAPE",0.655009940100481,NA,NA,NA,NA,NA,0.675168454452529,0.992683791318101,1.00641671899993,1.3933734704577
"amapa","12-step","RMSE",182.458995980098,233.88913026412,144.171299750886,145.641211467545,140.984053816992,226.950426668454,155.372014242969,165.231399712941,169.280412186641,140.731435123587
"amazonas","1-step","MAE",423.028384526571,554.125812107282,1035.54882791292,1034.15434320368,949.445790401255,666.218562483788,640.602564102564,1014.43533852654,965.541233424357,864.21360229513
"amazonas","1-step","MAPE",0.553873312948511,0.622535218709672,Inf,Inf,0.887087306630479,2.02189408922865,0.75317282634096,Inf,Inf,Inf
"amazonas","1-step","RMSE",700.633085461035,833.154487754126,1763.94109430274,1768.90413071837,1853.04615729138,1472.29873113163,1407.33800641488,1862.48083166245,1860.27477259212,1942.26068842509
"amazonas","2-step","MAE",584.342258453369,784.135815933118,1182.78010089913,1186.19104254706,1138.21350513329,653.925834059715,756.083333333333,1252.39328223355,1228.51649046758,1117.23175361686
"amazonas","2-step","MAPE",0.568488273789279,0.654703901927438,Inf,Inf,1.21807976432404,3.16111615708318,0.870753172444831,Inf,Inf,Inf
"amazonas","2-step","RMSE",1006.12223115646,1216.95242345573,1925.81666583928,1939.96724038672,2139.86757075659,1515.91351220781,1665.14378417965,2251.14573783601,2228.52469456784,2390.20484696684
"amazonas","3-step","MAE",535.803880691528,667.262464224423,1114.19663158509,1114.013578847,1118.89617557869,1873.11554423968,739.50641025641,1219.36989543082,1188.45336611427,1168.54743234869
"amazonas","3-step","MAPE",0.505611093721601,0.622912726613048,Inf,Inf,1.16622489852164,6.72597107753953,0.871609901492685,Inf,Inf,Inf
"amazonas","3-step","RMSE",984.920215043284,1176.17441797818,1878.78012847324,1897.37926587757,2115.83362364112,3449.70689702191,1669.94280320505,2209.47769898529,2186.94441993435,2393.86198259707
"amazonas","4-step","MAE",484.005435943604,683.349983673298,1294.65492403469,1297.14822899334,1271.30097337243,585.579954226812,886.865384615385,1290.29051246944,1295.89069215043,1286.61060772408
"amazonas","4-step","MAPE",0.543596768014911,0.656474606065447,Inf,Inf,1.46509621066975,0.660391021664908,0.905556232615323,Inf,Inf,Inf
"amazonas","4-step","RMSE",717.716848126282,1071.47984895771,1994.23767802397,2011.71194344837,2288.83665197843,1333.51665629684,1718.59737242351,2332.10721938896,2337.74490834976,2589.75145487252
"amazonas","5-step","MAE",428.52811050415,625.6683663737,1332.96241100486,1340.73794248411,1193.56643786431,909.41741724809,835.00641025641,1135.27671130581,1134.10996218811,1076.51680988639
"amazonas","5-step","MAPE",0.542249655481466,0.636502211742014,Inf,Inf,1.10979024801377,5.97387398980206,0.708030488228667,Inf,Inf,Inf
"amazonas","5-step","RMSE",619.118514375049,879.200591766525,1955.66574571525,1961.4673530463,2023.88767199225,1789.09369248826,1531.1226687388,1935.08596716841,1972.90367591674,2116.43015671527
"amazonas","6-step","MAE",917.886400858561,728.965752702618,1251.02334980163,1259.41657547444,1142.61615269712,1026.98739466071,823.455128205128,1271.028635692,1237.62838855276,1166.48206075627
"amazonas","6-step","MAPE",0.652332825604521,0.662092347210585,Inf,Inf,Inf,3.77642383324033,0.701549502283953,Inf,Inf,Inf
"amazonas","6-step","RMSE",1709.90323804673,1337.43928878527,2110.61994523422,2126.42302905182,2201.48617777354,2126.04345531208,1610.74781550308,2268.31934420645,2242.4044987626,2388.38590918422
"amazonas","7-step","MAE",491.402180989583,786.56094858783,1340.23118897014,1367.46531255599,1286.50680846616,961.217378973961,973.576923076923,1303.46704972761,1280.77610314051,1201.91943171836
"amazonas","7-step","MAPE",0.503087051725001,0.687292059453308,Inf,Inf,1.73835790605134,3.0885273369459,0.871202898515676,Inf,Inf,Inf
"amazonas","7-step","RMSE",960.032995462764,1362.86341846012,2246.63038891429,2263.72623233619,2381.41670653555,2128.28672107867,1792.8604592195,2372.47993732075,2372.34642287546,2568.23813631555
"amazonas","8-step","MAE",631.919059753418,839.921754683326,1365.78126086244,1369.34557176318,1328.37452780185,732.947057803472,1033.91666666667,1319.99286452265,1326.84374777939,1282.09420128576
"amazonas","8-step","MAPE",0.681059744845649,0.722874401234415,Inf,Inf,1.79440438504792,0.905030090295874,0.990768114059934,Inf,Inf,Inf
"amazonas","8-step","RMSE",1112.0640050342,1372.17488281431,2248.22289299932,2263.99355178583,2387.255154547,1610.0120079939,1805.86518313652,2374.99841614499,2378.99843746156,2583.79807682454
"amazonas","9-step","MAE",664.172117869059,857.692958401238,1398.06611957074,1405.88974844059,1347.05740397377,934.338882803917,1033.82692307692,1315.7460847694,1317.51742187879,1289.42173295558
"amazonas","9-step","MAPE",0.691017626634813,0.730463206312039,Inf,Inf,1.81855571709212,1.55027672835163,1.02232200487978,Inf,Inf,Inf
"amazonas","9-step","RMSE",1221.53880034411,1376.79434566875,2255.1362850274,2271.85699649498,2388.63490303894,1868.43635285416,1805.85772877815,2374.11533242102,2377.75129858624,2583.93871700135
"amazonas","10-step","MAE",693.136103312174,864.14746292533,1451.48077668206,1474.75309800867,1366.15492564397,963.56310749054,1035.20512820513,1339.58050427291,1342.03089676267,1284.69429760095
"amazonas","10-step","MAPE",0.652936085215934,0.735293444574318,Inf,Inf,1.82094179267111,1.22767364340611,1.05434560677641,Inf,Inf,Inf
"amazonas","10-step","RMSE",1198.74862669841,1378.24746975476,2268.85175001854,2287.05711572125,2391.66597601452,1925.96792510753,1805.90172884369,2377.41603759226,2381.0694823017,2583.63002448837
"amazonas","11-step","MAE",517.616371154785,866.10266875279,1556.50780847869,1590.31689299587,1416.00911778741,790.620779673258,1029.05769230769,1389.61313077528,1392.28632087508,1299.43195434389
"amazonas","11-step","MAPE",0.567959329905083,0.73574331364954,1.18545339251034,1.21382046659158,1.8637854930249,1.57107213233412,1.02722658146433,Inf,Inf,4.50779528971029
"amazonas","11-step","RMSE",846.918907491738,1378.76400572097,2291.20620428109,2312.32367021271,2398.39867038174,1682.81810619006,1805.69158007317,2384.50174978731,2388.20394287536,2584.528425747
"amazonas","12-step","MAE",718.432105382284,854.676165759745,1631.47783341021,1657.35356380725,1440.65087293679,975.494675437609,1025.25641025641,1443.1610899739,1446.54147398486,1319.40355314148
"amazonas","12-step","MAPE",0.698491500408395,0.728867789271587,1.19289993236279,1.21822327382604,1.86742358906982,2.63598012331272,0.985921209174036,1.80413516267739,1.82057180928472,4.56375868647496
"amazonas","12-step","RMSE",1094.38854708189,1377.01410815962,2313.93731885388,2334.88478627945,2403.14433432068,1781.26955629195,1805.63724975756,2392.44464246467,2396.3351961982,2585.49844988444
"maranhao","1-step","MAE",317.595365444819,400.833311263831,411.875906123579,457.3202711778,413.993755458557,348.080251952012,446.282051282051,633.188843717291,639.630547051598,469.27145590595
"maranhao","1-step","MAPE",3.48894473830431,Inf,Inf,Inf,Inf,4.03351978824794,0.295912730984404,0.479802309783774,0.474499550295835,0.450303754486167
"maranhao","1-step","RMSE",472.166342502097,514.281443145581,575.883323631458,606.843705573584,582.650192875353,493.805856152308,689.594333769973,751.364235090059,758.113197791267,725.752614155413
"maranhao","2-step","MAE",288.333913882573,400.153377114734,322.587494220256,377.784103002416,404.880065130156,743.10870218277,697.769230769231,767.993400084546,775.07022094483,683.656182891465
"maranhao","2-step","MAPE",2.18922328780557,Inf,Inf,Inf,Inf,0.415131475472909,0.381352060024785,0.53790162311682,0.540514202724449,0.585527522231309
"maranhao","2-step","RMSE",475.26124447408,506.3783211376,436.70398001548,485.099995766896,591.369235741313,1339.38856520519,1003.39064869352,891.455105278819,894.045594211037,869.51259803874
"maranhao","3-step","MAE",435.20606803894,370.308215103951,437.295347509259,455.69073951408,440.724132808768,833.661494890849,700.916666666667,813.966310369867,845.380632518374,734.704452686207
"maranhao","3-step","MAPE",1.55641787325515,Inf,Inf,Inf,Inf,0.346429821401531,0.329352041812623,0.539871813026929,0.548914957271682,0.589970320270164
"maranhao","3-step","RMSE",656.661114898115,514.5313121093,549.149855452755,590.571735922282,587.097673669983,1411.04655415971,1169.37260336599,931.098555823495,951.432165433104,918.599225154484
"maranhao","4-step","MAE",383.893998851379,422.24397470447,566.928580870561,612.129225307224,624.924834855853,517.788429260254,664.826923076923,958.219768972491,946.241100876705,833.809779043265
"maranhao","4-step","MAPE",10.1741384305044,Inf,Inf,Inf,Inf,0.422605741799893,0.380930924199308,0.550076147955309,0.546044916522861,0.65397706748258
"maranhao","4-step","RMSE",610.921629581491,528.496248974518,730.064596185468,786.886013591828,1022.97125951778,697.426399769352,927.098469681192,1122.45899603786,1110.13158436168,1032.53152397936
"maranhao","5-step","MAE",412.000458399455,444.911338593453,533.43319421378,580.026182724437,559.083750453703,792.194857915243,605.653846153846,877.98264971824,892.811425093794,688.768650926986
"maranhao","5-step","MAPE",0.636962540831536,Inf,Inf,Inf,Inf,0.461651098983477,0.373875074340418,0.547854576134768,0.553533527250286,0.572364140472349
"maranhao","5-step","RMSE",579.466755364683,566.089051060525,743.034601757573,800.69805188164,932.993009568615,1105.63500898947,867.233201076452,1024.18283099311,1024.15986414316,903.981418775564
"maranhao","6-step","MAE",315.594569524129,485.788785321601,594.705270172196,620.33661775325,326.01330571363,624.083903312683,916.807692307692,1157.90423045323,1167.29599296566,802.327023344555
"maranhao","6-step","MAPE",0.457354603705208,Inf,0.447931777502738,0.436784865891614,Inf,0.425181469070581,0.404868490532488,0.602202472477819,0.605467150348754,0.599621675727608
"maranhao","6-step","RMSE",448.045437064943,640.854688575277,705.01029846274,747.666540148815,488.839102275774,927.026063540109,1354.71631745873,1290.3845252718,1294.22299062797,985.610533003317
"maranhao","7-step","MAE",386.010011752446,551.097365642744,746.353709410097,776.284723016917,371.145631032773,445.310167551041,585.737179487179,1239.25858771354,1244.96194614866,740.890934333336
"maranhao","7-step","MAPE",2.05567420642515,Inf,Inf,Inf,Inf,0.724946985291468,0.355921732239213,0.622241504974042,0.622849717760365,0.580881774693507
"maranhao","7-step","RMSE",494.753656708487,675.631648834144,840.953003480784,882.082420507392,623.407228503035,640.830315012436,837.441229649204,1326.43150713863,1325.32519887989,972.557703395219
"maranhao","8-step","MAE",449.889037589232,637.805385862698,553.007560012998,587.0145359513,370.552462367625,457.704007307688,623.025641025641,1170.90318652871,1156.8055330854,809.226758182017
"maranhao","8-step","MAPE",15.470858326121,Inf,Inf,Inf,Inf,0.549291519354972,0.377950643443667,0.627203394150291,0.621569272233687,0.644591322130476
"maranhao","8-step","RMSE",577.654414557402,792.575789568884,642.911083693553,685.446534502332,644.246363356034,608.508827488767,853.043912218808,1248.35227466605,1232.09122180082,1062.56483832019
"maranhao","9-step","MAE",507.058803240458,686.176020660685,613.780147156914,653.977928137393,423.016192178574,461.341084480286,612.102564102564,1049.3209122259,1044.45587665256,837.611565770324
"maranhao","9-step","MAPE",0.755027241584412,Inf,Inf,Inf,Inf,0.625615248637819,0.348156066380674,0.613495787614756,0.607377177356244,0.679326945098315
"maranhao","9-step","RMSE",727.292080838876,938.192405313798,718.984745463939,768.57352027086,680.104897294431,797.912527804819,1045.26705580379,1140.85601510782,1130.98888182407,1075.73970529804
"maranhao","10-step","MAE",699.113104581833,797.799937290519,482.09862732786,511.220631463192,415.524126956369,609.986989180247,747.121794871795,945.736137006176,943.156316832767,783.393773283335
"maranhao","10-step","MAPE",1.97182431083724,Inf,Inf,Inf,Inf,0.698607790008397,0.388772258805174,0.588392843125315,0.585668411556081,0.662055671913421
"maranhao","10-step","RMSE",957.287722097113,1014.82491477476,608.40610421423,642.382530984695,676.750259938483,942.198106981122,1161.37753873379,1071.30670447809,1055.09545331714,1045.41102808331
"maranhao","11-step","MAE",564.160992940267,811.981243475362,526.851264524229,537.531320892737,426.913718013387,549.006018400192,769.224358974359,962.790077596399,942.450550908125,785.796148594464
"maranhao","11-step","MAPE",2.1805563643957,Inf,Inf,Inf,Inf,1.0647108733983,0.399966813109881,0.567982715358975,0.55212319831012,0.632180828305856
"maranhao","11-step","RMSE",760.963732665585,1019.19065763437,632.715923071658,657.821189286912,681.719327335053,820.725707870177,1170.02219019231,1105.95532295045,1081.14539958765,1069.63718129918
"maranhao","12-step","MAE",560.810089190801,840.337024906002,549.020424808804,559.565673196798,437.33817652541,783.85334777832,768.538461538462,1070.13418132842,1049.21298217056,883.692094602705
"maranhao","12-step","MAPE",2.99478028234548,Inf,0.456956571883303,0.450130497368695,Inf,0.409317495949817,0.387189958037266,0.607357424077205,0.600420396622871,0.6792516446078
"maranhao","12-step","RMSE",737.151356195243,1027.45183864838,641.796232735866,666.480054796992,684.626857977732,1149.02219650564,1170.00760209267,1176.13018708496,1148.62213476167,1124.93374586372
"mato_grosso","1-step","MAE",859.97691599528,1223.78338282014,2892.22309330119,2990.20531556261,2643.0967391973,2153.51021575928,2647.10897435897,3059.92757013687,2998.50766524829,2744.34306499466
"mato_grosso","1-step","MAPE",0.289996850934176,Inf,Inf,Inf,1.93954278820821,0.537742558413213,0.51921555876008,Inf,Inf,0.955407939101061
"mato_grosso","1-step","RMSE",1440.51983069689,1877.44759640714,4202.48863046053,4139.96553792779,4336.34549165581,3657.01395626352,4591.5114855989,4755.20025709046,4767.82253902224,4893.97025900337
"mato_grosso","2-step","MAE",723.807123819987,1013.86599273464,2464.12527167116,2506.43754572684,2093.4959514709,1298.72307332357,1994.71794871795,2414.30593511047,2461.5302703422,2127.72244249095
"mato_grosso","2-step","MAPE",0.364028204451792,Inf,Inf,Inf,Inf,0.719829435204598,0.470646447333772,Inf,Inf,1.39095751018091
"mato_grosso","2-step","RMSE",1119.99550328854,1477.08358857571,3669.4948902207,3517.07664513934,3342.39115357093,2171.48444112115,3539.06541502616,3888.36190647417,3989.97734120395,4395.22122862126
"mato_grosso","3-step","MAE",1183.34289296468,1035.22539560653,2689.29409856216,2682.34184265332,2494.12440148724,4561.85198974609,1826.62820512821,2754.42708500303,2706.26607978166,2265.21439329914
"mato_grosso","3-step","MAPE",0.334835405596088,Inf,Inf,Inf,Inf,0.500071827937472,0.42254908838013,Inf,Inf,0.835580149170697
"mato_grosso","3-step","RMSE",1669.83931796062,1451.06922721531,3769.36947330384,3632.4271978498,3668.33752964865,7382.29568186869,3575.87700364088,4015.85782277587,4105.55493815256,4428.07979117605
"mato_grosso","4-step","MAE",1338.89281717936,1285.85661441763,2813.47594171173,2948.28072822369,2475.76769166985,2472.75438690186,2701.80128205128,3081.72719800443,3001.68952954978,2808.78146415257
"mato_grosso","4-step","MAPE",0.351994580494399,Inf,Inf,Inf,Inf,0.764118677955428,0.516837165423641,Inf,Inf,1.56896828957559
"mato_grosso","4-step","RMSE",2598.29349223953,1932.65916039695,4772.24496713209,4827.91273705271,4828.89998048677,4750.54187983751,4466.98100745973,5232.79157129769,5228.7560632412,5887.31027359557
"mato_grosso","5-step","MAE",905.559069315592,998.561804249594,3430.72916767035,3440.67264748409,2944.9829902092,3086.37548446655,3371.92307692308,3479.3590985763,3514.50530634878,2827.65129859497
"mato_grosso","5-step","MAPE",0.381079001618539,Inf,Inf,Inf,Inf,0.729105241073894,0.604338387445452,Inf,Inf,2.00993307151912
"mato_grosso","5-step","RMSE",1358.76563125769,1498.57103092901,5110.96021604481,5124.45021362875,5099.56781966502,4622.15483580471,4679.00985549407,5490.34496583413,5485.03925110728,5852.6711020425
"mato_grosso","6-step","MAE",1707.78229777018,1046.32566282973,2995.35541487262,2925.03868252003,3017.48666188987,4030.58871714274,3357.11538461538,3172.14308250179,3236.28233472714,2303.09472116298
"mato_grosso","6-step","MAPE",0.378784771010495,0.279550990262613,1.08375722739147,0.771131425856898,0.633958057853121,0.916906748380864,0.663636931815186,0.729667669415691,0.740642430701981,0.779804049996147
"mato_grosso","6-step","RMSE",2522.33751387428,1506.93312442757,4000.33283062089,3866.78356906127,3913.31064963723,6054.19426201738,4947.95953651105,4203.95678444426,4306.17821219228,4433.4899653043
"mato_grosso","7-step","MAE",2285.40925598145,2042.00987197909,3989.8297165891,4085.08801731168,4524.970066799,4864.2750600179,5656.48076923077,4570.83293825612,4643.07729666506,3699.30970931788
"mato_grosso","7-step","MAPE",0.549024004224171,0.418047620210526,Inf,Inf,1.13057799863094,3.82966930254202,3.61245200512217,Inf,Inf,1.63583419513725
"mato_grosso","7-step","RMSE",3973.65649879544,3314.50656530861,5827.84353500524,5966.9174044824,6464.4061516983,7126.76453381845,7758.39322091344,6347.58144926331,6391.72060836283,6402.00581894483
"mato_grosso","8-step","MAE",1744.91336568197,1653.35299419151,3270.2318437082,3454.44227065254,2700.43905620069,3868.53116353353,4334.58333333333,3298.08504614402,3222.94640784257,2844.47157908712
"mato_grosso","8-step","MAPE",0.622933665769152,Inf,Inf,Inf,Inf,3.34997395836726,4.64213468030544,Inf,Inf,1.65014616726222
"mato_grosso","8-step","RMSE",3653.23190548836,3011.47752455934,5394.86512122719,5544.80449015087,5154.69888615776,6687.89951960524,6929.46271782252,5443.70408725388,5434.40022165682,5931.10110505979
"mato_grosso","9-step","MAE",1706.28932444255,1610.37337202422,3331.94832236146,3469.19829546963,2805.0489849601,3859.04695892334,4361.75,3403.93099433965,3289.61457653873,2836.12644425394
"mato_grosso","9-step","MAPE",0.688303833963519,Inf,Inf,Inf,Inf,5.3387024997465,4.98465709370858,Inf,Inf,1.54707210059956
"mato_grosso","9-step","RMSE",3268.53377039796,2965.00977534477,5400.96410596822,5545.51290734824,5165.11251157852,6631.76783324923,6934.47654357789,5464.48724646194,5442.4107140814,5928.9678687555
"mato_grosso","10-step","MAE",1851.81912740072,1741.15583092395,3387.75555297139,3535.50385707228,2904.05422783136,4605.98435465495,4381.41666666667,3393.72277889027,3424.64061070392,2875.58123190971
"mato_grosso","10-step","MAPE",0.843055854797334,Inf,Inf,Inf,Inf,3.08655765561058,5.04631493175577,Inf,Inf,2.14704080579445
"mato_grosso","10-step","RMSE",3641.34838963013,3025.98898151557,5416.96337373105,5558.57035633365,5195.13761582858,7130.78700171665,6934.91524804266,5484.22067599605,5480.39497373612,5935.98486914257
"mato_grosso","11-step","MAE",1654.22420756022,1826.23017078668,3542.44354737855,3703.82514241342,3050.53110182267,4028.25227355957,4391.85897435897,3612.87354782806,3607.89369320831,2966.97341407946
"mato_grosso","11-step","MAPE",0.767219485743721,Inf,Inf,Inf,2.19067624639178,4.98279964201867,5.05209664249034,Inf,Inf,1.66888773878699
"mato_grosso","11-step","RMSE",2852.99264238323,3053.68011642987,5452.22197938611,5603.47578373056,5226.96534453278,6694.96886482104,6935.15147436497,5539.01859403754,5532.92561202115,5948.87874582398
"mato_grosso","12-step","MAE",1721.16163635254,1828.73962263706,3700.32777330391,3886.08862867112,3161.18492739184,5516.71844482422,4392.92948717949,3790.0962910378,3784.4427727782,3044.52232522096
"mato_grosso","12-step","MAPE",0.525598435533825,0.533622466304261,0.984008402574199,1.07439594741036,0.904545010636505,2.50765625839078,4.99719372569309,1.05683253487697,1.05480276950262,1.55967122894719
"mato_grosso","12-step","RMSE",2905.85247816969,3054.16743941802,5496.21395355232,5657.58580933974,5252.48282192926,8296.75912938689,6935.19712333733,5591.28708659942,5584.92537945729,5959.96166582028
"para","1-step","MAE",969.021830240885,921.862576841669,1520.46246293773,1522.92771042497,1557.53156364953,556.641610383987,606.564102564103,1605.77764781357,1618.06299838367,1556.98162985502
"para","1-step","MAPE",1.39097885791809,Inf,Inf,Inf,Inf,3.05712863856543,0.876216196252505,Inf,Inf,Inf
"para","1-step","RMSE",1481.91198873864,1347.8017961258,2474.07351049687,2464.00611136422,2709.65389104251,1456.69392416846,1467.70286576324,2524.41869618614,2531.01955170612,2704.91645506613
"para","2-step","MAE",1062.68500518799,1050.98569890223,1714.60217341972,1719.88360046371,1816.27415369945,1002.80469767253,785.467948717949,1987.52616879063,1960.80214203784,1933.74455259662
"para","2-step","MAPE",0.897743303216007,Inf,Inf,Inf,Inf,1.52077024719157,0.952680152530989,Inf,Inf,Inf
"para","2-step","RMSE",1615.51386499622,1465.86950706521,2567.51385892106,2555.65039806376,2950.02416299596,2020.07965215354,1545.39769955917,2761.44812537711,2754.52754596402,3055.20144779954
"para","3-step","MAE",1006.5928589503,1076.35672148244,1578.11142379006,1590.72469005891,1450.31421974262,2231.1980120341,743.339743589744,1748.98065605109,1735.23996581512,1631.02930804361
"para","3-step","MAPE",1.16056099126353,Inf,Inf,Inf,Inf,0.665391327036706,0.898163301435601,Inf,Inf,Inf
"para","3-step","RMSE",1560.68366010601,1457.52442870432,2314.9030140232,2315.5876903866,2709.01345349906,3851.88082131254,1556.48353431816,2462.35053844447,2467.16156534977,2828.76801925831
"para","4-step","MAE",1454.75202703476,1094.5289404315,2123.52405124292,2108.91827916657,2484.69049157682,1330.33723672231,851.294871794872,2640.67329779174,2628.57654804457,2859.61414717982
"para","4-step","MAPE",2.36673478148916,Inf,Inf,Inf,Inf,0.656166705217617,0.595774347777567,0.744257677146861,0.744395612483325,Inf
"para","4-step","RMSE",2136.89200050212,1561.99156087969,3039.76992218388,3013.41717326587,3903.05480629233,2391.69172354502,1562.33822294652,3360.49890138712,3357.52779003149,4182.93596803707
"para","5-step","MAE",1376.13034232457,1150.56846273722,2362.85132704114,2356.23219447339,1894.84770161434,1170.01637325684,1198.22435897436,2585.60270359653,2578.52449650857,2095.97612917799
"para","5-step","MAPE",1.91620211035824,Inf,Inf,Inf,Inf,4.88423404077833,0.994394409176046,Inf,Inf,Inf
"para","5-step","RMSE",1941.51709770375,1609.08061871312,3168.47329715026,3157.3402589166,3433.99003518964,1915.45034816741,2209.46611767366,3255.16364617834,3257.50738706402,3627.31922445428
"para","6-step","MAE",712.919165293376,1059.32187659242,1784.85469578409,1788.69952277441,1411.60930665097,1561.93293190002,1252.34615384615,2247.00252795895,2235.17553421429,1743.57688189506
"para","6-step","MAPE",0.876005969172845,Inf,Inf,Inf,Inf,0.556479621366896,0.637350938413632,0.667269940888547,0.662291426196277,Inf
"para","6-step","RMSE",1571.64181156578,1417.02288591076,2331.64543527885,2330.3505230823,2451.85924086162,2652.91227628308,2231.15116557992,2728.55006401221,2726.76346685459,2777.25408928729
"para","7-step","MAE",1065.62672328949,934.271505574265,1952.08971863389,1934.54025738961,1782.23683884592,1668.30002085368,1437.72435897436,2575.3901615586,2586.45103928486,2253.42966755395
"para","7-step","MAPE",1.88877485449491,Inf,Inf,Inf,Inf,Inf,0.65883683599711,0.702741339285148,0.702850916055977,Inf
"para","7-step","RMSE",1568.98842153931,1295.40321395787,2525.04058589645,2511.50706125623,3009.36906240273,2444.67999599058,2322.77093661095,3213.8302150136,3219.27530800773,3675.08499985944
"para","8-step","MAE",1207.42001724243,1191.79476943881,2043.23210518362,2022.38772786496,2025.23462517796,2009.83407974243,1473.33974358974,2825.61840457404,2812.97749528039,2726.35353756913
"para","8-step","MAPE",2.16179464419052,Inf,Inf,Inf,Inf,0.833216021631398,0.663995707598324,0.76532975726427,0.764226120363368,Inf
"para","8-step","RMSE",1711.41990555814,1640.81312871715,2595.20009846459,2567.61852278264,3195.29095730666,3011.83701454977,2331.84811441445,3348.04116415615,3338.81644495598,4025.29867818329
"para","9-step","MAE",1443.59126917521,1289.43334560741,1727.99331760243,1717.14025226917,1662.26832404164,1171.43426528573,1070.58333333333,2209.41058101943,2203.7940177212,2255.53812419032
"para","9-step","MAPE",1.02754063517345,Inf,Inf,Inf,Inf,Inf,0.973706910660644,Inf,Inf,Inf
"para","9-step","RMSE",2189.67505128853,1869.04822664605,2321.51771175432,2300.00678898905,2914.79823599463,1776.78925991592,1837.75952198618,2965.18095711529,2963.76168868657,3821.67333556061
"para","10-step","MAE",1120.80919555823,1245.08643957233,1744.22010724486,1730.32875174227,1711.35954113844,1388.3092956543,1208.84615384615,2273.59917270835,2264.552384104,2221.24092815859
"para","10-step","MAPE",4.53166823508479,Inf,Inf,Inf,Inf,Inf,1.31541512576994,Inf,Inf,Inf
"para","10-step","RMSE",1805.86404483041,1823.40874191295,2324.27241910867,2302.41670853123,2925.76699389181,1945.03131641096,1906.43567948148,2974.83066196558,2972.56367019523,3818.01524333634
"para","11-step","MAE",1272.58118979136,1248.71444038877,1815.67447102797,1799.93389663679,1853.55746734343,1337.07945287228,1207.14102564103,2449.5906285838,2444.01454101751,2338.46547140969
"para","11-step","MAPE",0.951186001874152,Inf,Inf,Inf,Inf,2.35743056754294,1.26351854132604,Inf,Inf,Inf
"para","11-step","RMSE",2142.73768192406,1824.33092584295,2344.98451080375,2322.45244643263,2978.80608240086,1935.31822997805,1906.29511489925,3048.70043671159,3045.94232278143,3850.18071945632
"para","12-step","MAE",1158.92338911692,1248.71444038877,1835.79193657652,1814.79884883532,1943.84914700642,1000.56268930435,1207.76282051282,2610.01863137333,2604.16564526654,2451.52661286755
"para","12-step","MAPE",1.54410948752511,Inf,Inf,Inf,Inf,0.639311397165169,1.35788067146188,0.770117272594698,0.766216932549188,Inf
"para","12-step","RMSE",1727.73930216816,1824.33092584295,2348.35108239996,2324.76310655156,3003.37067297418,1735.72273943124,1906.36997168307,3112.98777949277,3110.09121228443,3877.98796980075
"rondonia","1-step","MAE",260.019279321035,163.266027854462,633.828702150009,623.094163122135,620.690757100742,123.726016362508,298.777777777778,812.803509805457,806.571870829402,629.296959458362
"rondonia","1-step","MAPE",1.4655137961966,Inf,Inf,Inf,Inf,0.353374331354502,0.561438795886718,0.813571237429336,0.807218363605226,1.02520554741164
"rondonia","1-step","RMSE",414.774466865306,313.248275915227,793.503546409015,800.286421393909,1179.13952983264,202.927676157091,481.182744218175,908.639629600484,905.546911716924,1045.39512482379
"rondonia","2-step","MAE",190.850533803304,147.401680505757,643.949485057674,627.256414213876,745.162699643486,152.732849438985,360.046296296296,953.884505502653,952.021577381174,779.300996950282
"rondonia","2-step","MAPE",1.14629581346004,Inf,Inf,Inf,Inf,0.458560522715996,0.614553691218853,0.779789438103315,0.777961573528402,1.23467194671004
"rondonia","2-step","RMSE",333.619841928301,289.612150265552,788.17181867977,790.729217340315,1332.07881819621,217.461260237059,534.986170545461,1018.31302712617,1017.72182548664,1156.77746981566
"rondonia","3-step","MAE",402.580836931864,177.129983981862,685.224167190354,706.993372722239,752.568120789358,648.904153029124,349.824074074074,995.179090792214,988.287061284735,746.639705256411
"rondonia","3-step","MAPE",7.00652929530279,Inf,Inf,Inf,Inf,1.10439633608323,0.648647513604184,0.771217195724615,0.768557465572995,1.17564900707911
"rondonia","3-step","RMSE",957.510197652451,326.294966599247,824.20203661189,835.143397720464,1323.76029963884,1216.06950620264,543.276813882258,1058.76237520744,1057.4451235852,1148.24989428909
"rondonia","4-step","MAE",192.904301166534,362.662375553702,893.865618821773,892.028036424374,841.184036121519,274.462312618891,326.490740740741,1196.55928709869,1184.77418939657,926.775662075012
"rondonia","4-step","MAPE",0.819045076705531,Inf,Inf,Inf,Inf,0.851591475818761,0.565378312596311,0.89851108533156,0.893719654271644,1.81032834093925
"rondonia","4-step","RMSE",338.775773733462,845.210358876481,1139.41169222574,1166.94908206489,1534.32579172122,427.178630840889,476.261008643275,1304.6505224029,1296.40573575172,1434.59551640238
"rondonia","5-step","MAE",138.136325836182,388.427954490322,1051.91486640647,1054.64763822652,836.676168181841,707.374571800232,1152.43518518519,1296.07800280123,1290.981608018,899.277352415484
"rondonia","5-step","MAPE",0.344774573412974,Inf,Inf,Inf,Inf,0.87442281198349,0.674760778756155,0.982114260831853,0.975520294463882,1.77354146149185
"rondonia","5-step","RMSE",215.206330245617,889.398843464013,1260.96594965908,1283.47271621652,1537.63452266819,1096.50534420531,1895.09772406197,1407.91999084679,1405.17163543358,1428.20567499954
"rondonia","6-step","MAE",598.010764757792,158.445702294743,781.211629738496,777.013028910554,767.212107918325,2175.29350058238,736.833333333333,1157.21234432757,1154.89607410642,795.32455333989
"rondonia","6-step","MAPE",0.809482433569692,Inf,Inf,0.762493394203714,2.1911029966732,1.7003228499522,0.94690635341477,0.816603819388965,0.821973533346187,1.23425028314221
"rondonia","6-step","RMSE",1325.68396031326,325.951270148322,965.641271159061,955.669246012625,1279.86717139823,4732.15691833253,1294.15765778744,1206.68993996859,1206.24008091762,1163.99416416249
"rondonia","7-step","MAE",269.377875049909,394.935872742495,1019.37091660254,1039.41463072555,736.808657796697,644.68355067571,839.601851851852,1283.19891789712,1272.42045531886,797.348104656703
"rondonia","7-step","MAPE",0.772936706795825,Inf,Inf,Inf,1.55814683272116,1.41998279500157,0.784914707320311,0.963822391216247,0.974108626156778,1.56832991764763
"rondonia","7-step","RMSE",570.41939948532,896.527882006115,1364.68498073187,1376.92457950134,1313.20075319957,1179.61097253287,1449.95122345944,1413.57489379647,1415.5768044159,1338.27560601217
"rondonia","8-step","MAE",244.023946444194,386.275298488871,1097.40121569885,1079.97831877675,735.01518581842,553.842827717463,948.685185185185,1315.74257932827,1313.03726642607,937.82077827563
"rondonia","8-step","MAPE",0.601410785376518,Inf,Inf,Inf,Inf,1.11652257248962,1.19345977276287,1.02340297455862,1.03730166551427,1.88147870188324
"rondonia","8-step","RMSE",416.005187643218,893.716049805281,1425.63584078536,1425.30409907513,1366.35544273358,911.313532329822,1553.86189213694,1429.51521993492,1435.8326836675,1444.55918936576
"rondonia","9-step","MAE",281.025153477987,420.221490501677,1084.5798738961,1105.18707997459,757.262119171406,675.830123662949,967.796296296296,1257.85012204515,1253.75165946293,887.505582886224
"rondonia","9-step","MAPE",1.30642191151808,Inf,Inf,Inf,Inf,2.21825871088858,1.53191446912546,1.0105801491014,1.02162682819443,1.8238073734707
"rondonia","9-step","RMSE",467.790625518456,900.783442627046,1422.64243696818,1430.24944597286,1368.1182824987,1129.80551775694,1557.50786415786,1399.44213308932,1408.2127306667,1437.5046598107
"rondonia","10-step","MAE",266.035621007284,412.378110511097,1095.38137678112,1098.89975254335,786.98626337422,712.848852435748,972.212962962963,1282.34154924296,1290.55463238015,903.893293828417
"rondonia","10-step","MAPE",0.647130968214052,Inf,Inf,Inf,Inf,3.17350439032877,1.75497573779833,1.01970107366373,1.03369506349833,1.84615247468861
"rondonia","10-step","RMSE",453.986117042321,900.334065390693,1427.13137391305,1432.11515071843,1378.256397085,1282.10441697303,1557.7471496038,1412.99058319443,1428.24520478673,1440.02030778981
"rondonia","11-step","MAE",146.227329889933,409.181391610884,1150.38267599153,1171.58164881719,847.95088445695,722.401621023814,972.953703703704,1303.82823589481,1322.18838171096,913.13193419315
"rondonia","11-step","MAPE",0.473046173637407,Inf,Inf,Inf,Inf,3.00522261331653,1.82690717336613,1.02167252811178,1.03666642177279,1.85058116217565
"rondonia","11-step","RMSE",227.340390046927,900.122216500486,1448.15675429906,1456.42637977982,1396.39592908767,1276.21344807903,1557.75882623068,1432.24858087809,1451.62691983912,1442.67459781262
"rondonia","12-step","MAE",339.130184809367,407.126146554709,1237.55828199501,1258.51177003761,916.431115888636,1615.3211739858,972.592592592593,1373.11281730935,1389.86528117331,935.435663544078
"rondonia","12-step","MAPE",0.502610675699077,Inf,1.29171760126982,1.32474497576013,1.57227572821955,1.6174016568715,1.81300343005062,1.02353872967851,1.03834954304161,1.85353885684731
"rondonia","12-step","RMSE",503.179755608379,900.05438901035,1480.25087056181,1488.1672336476,1417.17587593837,3098.82090629046,1557.757783065,1473.24884923819,1492.22668821949,1448.17160066289
"roraima","1-step","MAE",33.9720233281453,43.0962417741073,77.7489721580284,76.7358768912542,84.2579959502116,105.003575980663,133.65,121.099443453996,111.621266240097,78.4695844566814
"roraima","1-step","MAPE",0.791070746876489,Inf,Inf,Inf,Inf,Inf,0.757888161651394,0.987854354028749,0.618099116809995,0.583285382826474
"roraima","1-step","RMSE",47.2877641181284,64.1911817044515,130.140042712688,128.924523013459,154.094329687875,175.612344189229,228.101592863063,164.727778010653,151.683965932047,138.89148724331
"roraima","2-step","MAE",35.7892303665479,55.8840493896656,69.8511570487618,68.6862548020556,66.4499773450414,75.7713999350866,110.35,127.129646448076,119.175246005646,69.0818644497684
"roraima","2-step","MAPE",3.291047356394,Inf,Inf,Inf,Inf,0.666902276590612,0.656663669413633,1.00116379501949,0.677096906296237,0.574580081966825
"roraima","2-step","RMSE",49.9350058785719,71.9905737872891,108.935428462134,107.635752339026,109.232961019097,108.865923178036,151.089675358709,161.192603884813,143.602797379217,128.684289986118
"roraima","3-step","MAE",63.6280963420868,42.9242755221514,73.1464755439062,71.4811079324755,81.2150442055834,79.9001356760661,100.916666666667,124.568248808006,117.126095697781,63.9463383199778
"roraima","3-step","MAPE",1.15376807643441,Inf,Inf,Inf,Inf,Inf,0.626250160998509,0.677277950897444,0.648443149966024,0.535904788220942
"roraima","3-step","RMSE",97.0398171081483,56.871116761659,118.29245678763,116.531018704924,123.356649650405,130.511115856073,146.04568919805,157.553199169993,146.747886137222,127.696477786413
"roraima","4-step","MAE",40.3189606517553,61.1905922299748,84.4034255024218,81.65841198437,87.3938428842187,106.666870842377,200.716666666667,140.700544289104,142.218483102889,75.0840857591318
"roraima","4-step","MAPE",1.33537806835011,Inf,Inf,Inf,Inf,2.25404403021797,0.762845510729206,1.02912779199513,0.715854192098973,0.596386952720258
"roraima","4-step","RMSE",61.1685988065265,92.8772938960152,121.129653484783,118.446097849237,129.480806219712,130.794951511121,244.428578525507,170.208872424191,161.504336009878,131.094337417877
"roraima","5-step","MAE",45.168479770422,55.0633603684597,107.865071191881,106.008994925101,117.635448302191,104.373998602231,143.816666666667,144.681995383504,142.79395447165,74.8986689561557
"roraima","5-step","MAPE",4.58979470686036,Inf,Inf,Inf,Inf,0.733165428536945,0.715097998281063,0.688444500235715,0.707324609334279,0.594674442177286
"roraima","5-step","RMSE",62.5761888055211,71.9749256090826,136.48763355959,134.499259294864,143.538203414784,146.069920358556,178.728966128418,172.191213466171,162.735344485507,130.832025312569
"roraima","6-step","MAE",70.803196032842,70.6323939509383,114.016119552052,111.525774144082,121.878292205099,197.137808163961,204.433333333333,163.623701239007,154.868650260079,78.9013265543917
"roraima","6-step","MAPE",1.44880479223717,Inf,0.715473396010051,0.717880317645006,Inf,0.821890573965312,0.787017838119676,0.745965083309462,0.728634450370631,0.609788248334926
"roraima","6-step","RMSE",87.6980941960811,111.769422467428,138.851821129468,136.267691719889,146.458365680557,249.902044443932,250.011479736431,181.93576351697,170.44069954737,132.219585094124
"roraima","7-step","MAE",44.5637696584066,65.8415788080772,124.584512792774,121.232104128678,121.765890321424,98.8637660344442,260.916666666667,161.686033820761,153.234120597285,80.8194123649885
"roraima","7-step","MAPE",0.584152642413461,Inf,0.691538070819164,0.696551025545339,0.818049829096758,0.640450995301482,0.929297068207068,0.74403428384952,0.727037869809201,0.63068504464392
"roraima","7-step","RMSE",62.0010891525839,93.6380157440334,146.913194178472,142.972963883648,148.288650070031,136.321233185058,328.374699593823,180.044219145881,168.654271440925,132.406144976459
"roraima","8-step","MAE",50.7753348350525,67.2441907072987,132.109831009682,126.200170459696,121.98724717352,127.855504353841,212.7,157.608686564904,150.452691293371,81.6782408763634
"roraima","8-step","MAPE",0.408315690998372,Inf,0.69545998996383,0.683662518792582,0.64379960592218,0.877814805355672,1.01124207181785,0.736461905474835,0.726248517027392,0.631745017372482
"roraima","8-step","RMSE",106.239553232434,95.3597079258706,154.001236337756,148.843506680314,149.116067156257,150.43363245603,247.104930478262,176.86872427552,165.412689473905,133.000529351671
"roraima","9-step","MAE",55.5546922683716,46.4630971984712,149.13264371581,142.879309635054,139.484185059427,127.88782954216,126.933333333333,145.523645805332,138.327515855133,75.24796252334
"roraima","9-step","MAPE",0.522720027716123,Inf,0.676123053657685,0.660424771352722,0.735815686666397,0.639943789712063,0.866769097583131,0.716854829903074,0.705496048132272,0.594300784686732
"roraima","9-step","RMSE",74.8456567051307,60.3149071754778,181.002155479097,175.26015206575,163.669462843392,215.061025190883,171.711754596669,167.498213506693,155.513716933562,130.753963618551
"roraima","10-step","MAE",39.1789232095083,57.7782501783564,178.438425381881,172.116186649347,159.735160656206,82.7891119321187,130.05,142.239422954312,137.070664858076,77.9277227663446
"roraima","10-step","MAPE",0.468171845264994,Inf,0.854465633693577,0.847486907332963,0.955838497164116,Inf,0.946647433840135,0.705573667838656,0.69853472938952,0.617187696564198
"roraima","10-step","RMSE",53.5678917479587,74.8122289037344,203.278108256713,196.938623768181,175.797471520289,125.969481496839,172.539396467396,166.225692870714,155.602046705937,131.336949402896
"roraima","11-step","MAE",55.6122443675995,58.9480912758835,195.38789280855,188.179266797267,166.837931494172,144.59374165535,128.9,143.442787651181,139.098810055004,80.162642369337
"roraima","11-step","MAPE",0.511768794709943,Inf,0.769701905201163,0.762576615325715,0.732962772095504,1.25989033331893,1.06036220260546,0.700721387686042,0.695728208847082,0.640858030208252
"roraima","11-step","RMSE",80.0836567834232,93.9575737246374,217.802409476492,210.961727110927,182.956668510535,248.490237911191,171.921706987027,168.279089468844,158.37665260023,131.958913718118
"roraima","12-step","MAE",93.1704274813334,77.1970113927167,206.662698005737,199.085297922297,175.681516356271,174.665932496389,121.683333333333,147.666652411015,142.886612627355,79.1178601918263
"roraima","12-step","MAPE",0.496574061844975,Inf,0.795449774534074,0.78961164112415,0.765214267883878,0.950043953742257,0.911562712307862,0.719787086478833,0.712633726182435,0.625066667422336
"roraima","12-step","RMSE",170.214420144927,113.407753852132,222.584312950145,215.501081709358,186.022256735449,299.195968997031,170.035006199704,169.25642114816,159.322595649929,131.629229226711
"tocantins","1-step","MAE",180.764567375183,235.021555446579,431.7984057448,458.068739692491,459.482159895127,292.018145561218,322.429487179487,545.849412833924,544.080141851556,488.615857811913
"tocantins","1-step","MAPE",0.443410846800321,Inf,Inf,Inf,Inf,0.472040009222293,0.304265831827364,0.508877952794323,0.535751586819537,0.581116092852594
"tocantins","1-step","RMSE",258.574685430046,338.8900748847,688.739735105737,710.07350584425,867.813734253136,520.74091714536,491.475555241962,810.561614331315,801.249133538931,849.238863106386
"tocantins","2-step","MAE",291.331451574961,238.176228607705,414.092174024908,415.996176099565,610.022139399453,231.291620254517,439.76282051282,612.366786570702,604.517538442234,618.447598881185
"tocantins","2-step","MAPE",0.685155769469203,Inf,Inf,Inf,Inf,0.280168175666211,0.324369711394861,0.609482049065494,0.606973565113166,0.784940813412134
"tocantins","2-step","RMSE",424.188377007133,354.668496167752,638.629911507079,641.701750786842,1002.65711219569,417.941751118964,760.535376349122,829.706622667473,825.541435869744,939.193251957693
"tocantins","3-step","MAE",287.024144172668,230.757038996794,489.530804365158,525.16441190072,648.331491062009,337.739847183228,514.878205128205,631.359563243378,638.181590518156,631.35893341735
"tocantins","3-step","MAPE",0.663756296136448,Inf,Inf,Inf,Inf,0.317580940004771,0.33632251359026,0.584944768459131,0.602853406957357,0.822458650699756
"tocantins","3-step","RMSE",439.137759702237,300.808009192503,716.250940777328,731.705508434916,1015.20282427538,610.637317075467,862.094406535092,873.048046023621,872.094615594011,954.394583272877
"tocantins","4-step","MAE",219.321111996969,302.786459761419,550.2150651035,579.766829286122,671.808830998395,322.603590011597,253.532051282051,701.35184970441,703.482855339733,692.830711774695
"tocantins","4-step","MAPE",0.610643368457645,Inf,Inf,Inf,Inf,0.456019748611378,0.267806561243698,0.656724786203655,0.660183436038142,0.995307919230636
"tocantins","4-step","RMSE",317.429875585272,414.406327904206,868.841083419438,891.887624203644,1155.33988636232,563.246697132356,456.628106140604,919.854683187486,922.3464779024,1074.18268316265
"tocantins","5-step","MAE",274.692375262578,332.461000084803,696.699560989614,691.915913813697,689.558846072347,336.73486105601,286.371794871795,752.588097458485,741.746067116524,669.012082976011
"tocantins","5-step","MAPE",0.911507217059518,Inf,Inf,Inf,Inf,0.363796677131845,0.246807790241202,0.686577978859631,0.685111901029166,0.958919361345408
"tocantins","5-step","RMSE",426.080282900103,420.276181947776,932.892433924833,947.17856694671,1156.69190317883,546.863677313613,466.077953541165,958.36557849573,955.670905201224,1053.26489666513
"tocantins","6-step","MAE",448.826436360677,282.855224782885,646.619239370159,660.627797474737,698.626101715594,1296.75744565328,535.230769230769,801.368323634316,806.285399381867,691.460789628179
"tocantins","6-step","MAPE",0.591774039785083,Inf,0.584671140469143,0.597777429219899,1.01787377249659,0.560229417360067,0.351288038145877,0.669083303299002,0.671703195261919,0.86389741831094
"tocantins","6-step","RMSE",634.242809927755,376.588993303788,782.967354840011,788.493839932347,1022.14989912944,1789.01981694165,865.729861046558,959.16710010603,960.373171169982,972.111132564683
"tocantins","7-step","MAE",213.970385869344,363.026172971099,741.85837625465,792.667780898387,542.293986174223,337.643698692322,368.48717948718,836.60196216943,839.806870029928,683.498783353989
"tocantins","7-step","MAPE",0.350621623357095,Inf,Inf,Inf,2.11358019857747,0.372360265134607,0.285256111389174,0.730753508156069,0.739662159243763,0.96797344038827
"tocantins","7-step","RMSE",315.570953822027,469.890908303402,1046.42835847826,1107.70006281073,1039.32202318382,503.136749164313,587.578930028815,1076.52290823568,1083.33835262878,1051.90692687868
"tocantins","8-step","MAE",351.513457934062,315.099588859661,655.123091742557,689.09313038685,670.826032133915,213.320349534353,236.403846153846,776.272792645127,780.867754334923,740.306665007318
"tocantins","8-step","MAPE",Inf,Inf,Inf,Inf,Inf,0.536557556040139,0.262750290704461,0.777934459294941,0.790442991155815,1.12011584564722
"tocantins","8-step","RMSE",575.402991930575,446.160676801123,1011.31453071938,1049.08367573671,1132.08467628489,306.052268384151,410.770775109937,1028.79416899408,1038.30460021724,1115.4965708949
"tocantins","9-step","MAE",314.911524891853,338.858647210806,653.763701752751,698.741337397395,679.637252174821,392.851078033447,221.717948717949,729.499287504859,740.698563364766,684.504312431865
"tocantins","9-step","MAPE",7.49126602671004,Inf,Inf,Inf,Inf,0.525339204521893,0.258898030964048,0.735023892463404,0.763937163466156,1.0572431735777
"tocantins","9-step","RMSE",495.14569202783,458.317161173843,1010.72594709318,1050.46599245956,1132.78380907264,667.308509372688,399.258639904588,1012.65992759642,1023.30899914261,1103.24113675801
"tocantins","10-step","MAE",213.338663736979,324.630073983609,697.580931945093,717.181773488848,712.751307139302,446.106300036112,219.794871794872,780.496569937983,776.439978029219,717.653613581275
"tocantins","10-step","MAPE",1.01503063195958,Inf,Inf,Inf,Inf,0.388451337978744,0.23959950935885,0.780350933899998,0.789253625348063,1.10154084712114
"tocantins","10-step","RMSE",261.94664255539,447.406446349426,1021.52128533946,1058.82145671924,1140.90914876237,790.610390702908,398.94284118473,1031.89917638769,1039.42065917476,1110.58875232986
"tocantins","11-step","MAE",260.85888338089,330.078854462112,722.264487632323,778.596729353511,752.105523537732,206.126862049103,219.397435897436,785.059317098552,801.03257119362,734.815942465515
"tocantins","11-step","MAPE",1.49988102834695,Inf,Inf,Inf,Inf,1.04141756605381,0.232285552232947,0.741225171495229,0.769536784939083,1.07905225296943
"tocantins","11-step","RMSE",352.574583116566,447.855725437845,1035.7929933552,1085.35982834309,1154.94000620386,335.231868609335,398.931192872835,1049.39528297764,1064.37850565311,1120.48985814118
"tocantins","12-step","MAE",365.803481419881,330.846960598536,798.739903494213,861.315868774614,805.837355168505,508.868583679199,219.455128205128,866.617393884296,881.703517170468,783.954822451757
"tocantins","12-step","MAPE",1.33793967063272,Inf,0.795600334851,0.864526132594805,1.23440838646047,0.439512991741682,0.234055062214799,0.791003319947151,0.804990175567454,1.1248176297136
"tocantins","12-step","RMSE",670.710574680356,447.943856806069,1073.13290995815,1126.66764083953,1172.4119155986,1093.83101763364,398.933111827073,1089.02307601929,1104.94361455836,1134.76042661996
